City_ID,City,Lat,Lng,Max Temp,Humidity,Cloudiness,Wind Speed,Country,Date
0,alice springs,-23.7,133.8833,12.75,22,0,0.0,AU,1697296246
1,zaragoza,41.6561,-0.8773,25.01,41,20,3.6,ES,1697296367
2,talnakh,69.4865,88.3972,0.67,93,99,3.41,RU,1697296367
3,ust-nera,64.5667,143.2,-15.99,95,95,0.89,RU,1697296367
4,tiksi,71.6872,128.8694,-9.36,94,100,3.78,RU,1697296368
5,port blair,11.6667,92.75,27.42,80,95,1.8,IN,1697296368
6,santana,-0.0583,-51.1817,32.1,62,20,4.63,BR,1697296368
7,avarua,-21.2078,-159.775,21.03,88,33,1.03,CK,1697296140
8,waitangi,-43.9535,-176.5597,12.68,93,5,2.68,NZ,1697296368
9,yekaterinoslavka,50.3734,129.1139,7.62,69,74,4.65,RU,1697296368
10,tutong,4.8,114.65,26.05,87,100,2.1,BN,1697296368
11,ribeira grande,38.5167,-28.7,22.22,78,20,3.6,PT,1697296368
12,college,64.8569,-147.8028,-1.72,87,100,0.0,US,1697296368
13,papao,-17.75,-149.55,22.82,73,74,5.9,PF,1697296368
14,boende,-0.2167,20.8667,25.0,94,100,1.84,CD,1697296369
15,luganville,-15.5333,167.1667,24.92,91,81,4.13,VU,1697296369
16,al kharijah,25.4514,30.5464,30.19,21,0,5.71,EG,1697296369
17,margaret river,-33.95,115.0667,13.95,78,52,6.03,AU,1697296369
18,ushuaia,-54.8,-68.3,6.35,54,100,12.07,AR,1697296369
19,bilibino,68.0546,166.4372,-10.58,96,100,1.07,RU,1697296369
20,mount gambier,-37.8333,140.7667,9.66,88,100,1.58,AU,1697296369
21,grytviken,-54.2811,-36.5092,-1.84,77,35,10.66,GS,1697296369
22,adamstown,-25.066,-130.1015,19.92,74,100,4.5,PN,1697296369
23,st. john's,47.5649,-52.7093,14.88,98,100,4.02,CA,1697296214
24,port-aux-francais,-49.35,70.2167,1.16,67,63,9.33,TF,1697296370
25,olonkinbyen,70.9221,-8.7187,-2.38,84,100,11.0,SJ,1697296370
26,zhob,31.3411,69.4481,20.94,19,18,0.81,PK,1697296370
27,tazovsky,67.4667,78.7,1.67,98,100,4.99,RU,1697296370
28,ilulissat,69.2167,-51.1,-1.99,93,100,2.57,GL,1697296370
29,east london,-33.0153,27.9116,18.52,72,75,4.63,ZA,1697296370
30,ancud,-41.8697,-73.8203,9.86,68,89,1.77,CL,1697296370
31,colonia,50.9333,6.95,14.41,62,0,7.2,DE,1697296370
32,labytnangi,66.6572,66.4183,-1.46,89,100,2.18,RU,1697296371
33,vilyuysk,63.7553,121.6247,-4.9,62,9,1.34,RU,1697296371
34,zalingei,12.9096,23.4741,34.07,21,4,4.27,SD,1697296371
35,jabor,5.921,169.6434,28.34,76,100,3.68,MH,1697296371
36,blackmans bay,-43.0167,147.3167,6.4,72,12,0.89,AU,1697296371
37,shira,54.4911,89.9531,2.83,54,67,2.01,RU,1697296371
38,puerto natales,-51.7236,-72.4875,12.25,47,20,11.32,CL,1697296371
39,palikir - national government center,6.9248,158.1611,27.02,76,97,1.87,FM,1697296371
40,grand falls-windsor,48.9332,-55.6649,13.06,95,100,3.13,CA,1697296372
41,gadzhiyevo,69.2551,33.3362,0.97,78,100,8.12,RU,1697296372
42,edinburgh of the seven seas,-37.0676,-12.3116,14.84,95,100,10.31,SH,1697296372
43,kingston,17.997,-76.7936,32.36,67,70,0.45,JM,1697296372
44,badger,64.8,-147.5333,-1.77,89,100,0.0,US,1697296372
45,hawaiian paradise park,19.5933,-154.9731,21.69,92,40,2.57,US,1697296372
46,nova sintra,14.8667,-24.7167,25.71,74,100,5.72,CV,1697296372
47,albany,42.6001,-73.9662,13.01,75,100,0.45,US,1697296372
48,tsiombe,-25.3,45.4833,26.5,56,6,6.21,MG,1697296373
49,baymak,52.5933,58.3225,5.42,84,38,3.02,RU,1697296373
50,kapa'a,22.0752,-159.319,23.39,91,100,1.54,US,1697296373
51,afaahiti,-17.75,-149.2833,21.93,73,52,4.88,PF,1697296373
52,mwanza,-2.5167,32.9,27.07,56,28,4.48,TZ,1697296373
53,minab,27.1467,57.0801,30.71,57,0,2.08,IR,1697296373
54,iqaluit,63.7506,-68.5145,0.85,80,100,3.6,CA,1697296334
55,hermanus,-34.4187,19.2345,18.71,70,88,10.61,ZA,1697296235
56,port mathurin,-19.6833,63.4167,23.46,57,76,4.72,MU,1697296374
57,susuman,62.7833,148.1667,-12.79,95,81,0.45,RU,1697296374
58,lorengau,-2.0226,147.2712,27.44,77,98,1.55,PG,1697296374
59,vorkuta,67.5,64.0,-1.47,94,85,5.06,RU,1697296374
60,udachny,66.4167,112.4,-8.64,85,5,2.1,RU,1697296374
61,vorgashor,67.5833,63.95,-1.49,93,89,5.21,RU,1697296374
62,chokwe,-24.5333,32.9833,24.8,51,65,6.29,MZ,1697296096
63,pandan,14.0453,124.1694,26.58,84,46,2.57,PH,1697296374
64,lihue,21.9789,-159.3672,22.98,92,100,1.54,US,1697296374
65,port alfred,-33.5906,26.891,19.54,68,99,1.34,ZA,1697296375
66,coquimbo,-29.9533,-71.3436,16.32,69,0,2.15,CL,1697296250
67,ebolowa,2.9,11.15,21.87,98,100,0.34,CM,1697296375
68,al mawsil al jadidah,36.3346,43.0978,28.36,19,0,1.14,IQ,1697296375
69,bethel,41.3712,-73.414,13.01,82,100,1.54,US,1697296120
70,cruzeiro do sul,-29.5128,-51.9853,23.07,62,42,1.61,BR,1697296375
71,stanley,54.868,-1.6985,10.44,64,20,8.23,GB,1697296375
72,horta,38.5333,-28.6333,21.8,80,20,3.6,PT,1697296375
73,meadow lake,34.8014,-106.5436,12.5,33,75,0.66,US,1697296375
74,yellowknife,62.456,-114.3525,7.29,97,75,7.72,CA,1697296376
75,cockburn town,21.4612,-71.1419,28.54,74,90,2.37,TC,1697296106
76,port lincoln,-34.7333,135.8667,13.62,70,100,4.95,AU,1697296376
77,monterrey,25.6667,-100.3167,23.73,32,49,2.56,MX,1697296118
78,garissa,-0.4536,39.6401,35.95,32,82,5.24,KE,1697296376
79,bandar,2.05,99.75,23.37,96,99,1.33,ID,1697296376
80,mountain home,43.133,-115.6912,11.19,60,75,5.14,US,1697296376
81,sur,22.5667,59.5289,29.17,67,0,4.46,OM,1697296376
82,whitehorse,60.7161,-135.0538,3.23,93,100,2.68,CA,1697296201
83,margate,51.3813,1.3862,14.39,60,6,2.68,GB,1697296140
84,homa bay,-0.5273,34.4571,24.47,65,75,3.7,KE,1697296377
85,mount pearl,47.5166,-52.7813,14.42,98,100,9.77,CA,1697296377
86,klyuchi,52.2667,79.1667,10.01,35,100,5.28,RU,1697296377
87,nemuro,43.3236,145.575,14.18,72,100,4.06,JP,1697296377
88,kill devil hills,36.0307,-75.676,22.21,83,100,2.57,US,1697296377
89,keflavik,64.0049,-22.5624,5.24,75,75,5.14,IS,1697296377
90,hasaki,35.7333,140.8333,18.22,79,100,8.38,JP,1697296377
91,wailua homesteads,22.0669,-159.378,22.64,91,100,1.54,US,1697296378
92,panadura,6.7132,79.9026,25.96,84,96,0.8,LK,1697296378
93,piti village,13.4626,144.6933,24.49,94,100,2.06,GU,1697296378
94,valle de la pascua,9.2155,-66.0073,33.84,47,77,2.75,VE,1697296378
95,saipan,15.1355,145.701,27.39,94,100,3.6,MP,1697296234
96,bredasdorp,-34.5322,20.0403,17.34,74,95,10.21,ZA,1697296231
97,novyy urengoy,66.0833,76.6333,3.24,99,100,1.32,RU,1697296378
98,jamestown,42.097,-79.2353,8.59,97,100,5.66,US,1697296120
99,mirny,62.5353,113.9611,-2.09,92,100,3.13,RU,1697296378
100,kodiak,57.79,-152.4072,2.73,93,100,1.54,US,1697296379
101,teknaf,20.8624,92.3058,25.14,82,0,3.14,BD,1697296379
102,antonio enes,-16.2325,39.9086,28.29,73,0,10.01,MZ,1697296379
103,saint-philippe,-21.3585,55.7679,23.77,81,85,4.93,RE,1697296379
104,west island,-12.1568,96.8225,25.99,78,100,7.2,CC,1697296379
105,thompson,55.7435,-97.8558,6.09,87,20,1.54,CA,1697296379
106,zavetnoye,47.1194,43.8903,14.93,61,2,0.64,RU,1697296379
107,prado,-17.3411,-39.2208,28.44,63,12,4.57,BR,1697296178
108,ostersund,63.1792,14.6357,4.25,93,75,4.63,SE,1697296380
109,port moresby,-9.4431,147.1797,24.2,92,94,4.27,PG,1697296328
110,enewetak,11.3474,162.3373,28.19,74,100,3.1,MH,1697296380
111,suva,-18.1416,178.4415,23.71,94,75,1.54,FJ,1697296340
112,isafjordur,66.0755,-23.124,0.02,74,75,1.54,IS,1697296380
113,hami,42.8,93.45,19.87,20,38,2.81,CN,1697296380
114,pursat,12.3333,103.6667,24.73,93,100,1.36,KH,1697296380
115,hassi messaoud,31.6804,6.0729,32.92,13,0,3.09,DZ,1697296380
116,obama,35.4958,135.746,16.64,93,100,1.77,JP,1697296380
117,longgang,37.6508,120.3286,18.65,49,0,3.06,CN,1697296381
118,lethem,3.3803,-59.7968,36.03,39,47,3.42,GY,1697296381
119,sankeshwar,16.2667,74.4833,26.8,64,96,2.08,IN,1697296381
120,andreyevo,55.9465,41.1505,7.16,85,100,6.25,RU,1697296381
121,papatowai,-46.5619,169.4708,5.0,91,37,5.19,NZ,1697296381
122,atafu village,-8.5421,-172.5159,28.48,76,100,10.53,TK,1697296381
123,villa gesell,-37.2639,-56.973,16.9,46,45,1.52,AR,1697296154
124,ogurugu,6.7856,6.9505,31.1,66,96,1.04,NG,1697296381
125,amga,60.8953,131.9608,-3.9,81,100,2.68,RU,1697296382
126,sitka,57.0531,-135.33,13.94,67,100,9.77,US,1697296382
127,tolanaro,-25.0319,46.9987,24.6,75,3,0.68,MG,1697296220
128,vernon,50.2581,-119.2691,11.27,78,100,3.09,CA,1697296382
129,rio grande,-32.035,-52.0986,21.06,57,69,5.78,BR,1697296382
130,lerwick,60.1545,-1.1494,7.0,61,68,15.54,GB,1697296382
131,weno,7.4515,151.8468,28.97,84,100,5.14,FM,1697296382
132,san patricio,28.017,-97.5169,23.84,37,33,8.34,US,1697296383
133,constantia,44.1833,28.65,19.38,74,2,5.53,RO,1697296383
134,codrington,-38.2667,141.9667,10.95,66,97,3.09,AU,1697296383
135,pangody,65.85,74.4859,2.5,97,100,2.09,RU,1697296383
136,portland,45.5234,-122.6762,13.45,93,75,0.0,US,1697296201
137,kandahar,31.0,65.75,19.86,20,6,3.31,AF,1697296383
138,bikenibeu village,1.3673,173.1241,26.98,89,75,1.03,KI,1697296383
139,murghob,38.1702,73.9667,3.19,23,0,2.35,TJ,1697296383
140,cromwell,41.5951,-72.6454,14.84,72,20,0.0,US,1697296384
141,hamilton,39.1834,-84.5333,16.62,87,100,6.69,US,1697296140
142,flin flon,54.7682,-101.865,6.71,79,0,1.01,CA,1697296133
143,puerto armuelles,8.2833,-82.8667,27.99,74,90,2.24,PA,1697296384
144,iskateley,67.6803,53.1512,-2.21,93,71,1.79,RU,1697296384
145,puerto ayora,-0.7393,-90.3518,27.98,77,98,5.07,EC,1697296384
146,anadyr,64.75,177.4833,0.28,86,100,2.68,RU,1697296384
147,al artawiyah,26.5053,45.3444,30.93,10,0,1.29,SA,1697296384
148,severo-yeniseyskiy,60.3725,93.0408,0.88,90,100,4.02,RU,1697296384
149,sarina,-21.4333,149.2167,20.34,1,7,1.87,AU,1697296385
150,la passe,45.5549,-0.8967,18.34,54,71,4.98,FR,1697296385
151,puerto rosario,-24.45,-57.0833,31.53,33,58,1.32,PY,1697296385
152,pavilosta,56.8879,21.1859,11.95,76,0,13.17,LV,1697296385
153,kourou,5.1552,-52.6478,33.03,53,24,4.87,GF,1697296385
154,dombarovskiy,50.7587,59.5386,8.89,37,94,10.28,RU,1697296261
155,khairpur nathan shah,27.0936,67.7337,33.62,22,1,3.41,PK,1697296385
156,chernomorskoye,45.5039,32.6997,17.32,71,0,4.64,UA,1697296386
157,invercargill,-46.4,168.35,6.68,85,48,3.13,NZ,1697296386
158,broome,42.2506,-75.833,9.64,94,100,0.45,US,1697296090
159,xining,36.6167,101.7667,7.79,46,0,0.17,CN,1697296386
160,lebu,-37.6167,-73.65,12.39,69,99,7.23,CL,1697296251
161,brookings,44.3114,-96.7984,7.88,89,100,5.66,US,1697296386
162,daru,-9.0763,143.2092,26.01,80,98,5.74,PG,1697296386
163,mulanje,-16.0316,35.5,36.61,18,7,2.36,MW,1697296387
164,grafenwohr,49.7189,11.9067,14.87,82,75,3.09,DE,1697296387
165,taoudenni,22.6783,-3.9836,36.47,10,1,4.2,ML,1697296387
166,vilyuchinsk,52.9306,158.4028,5.14,96,100,1.51,RU,1697296387
167,guatrache,-37.6678,-63.5302,22.04,21,97,9.47,AR,1697296387
168,parras de la fuente,25.4167,-102.1833,20.25,71,69,4.98,MX,1697296175
169,eydhafushi,5.1033,73.0708,28.13,69,100,3.59,MV,1697296388
170,madang,-5.2246,145.7966,24.99,92,47,0.81,PG,1697296388
171,faenza,44.2857,11.8833,27.88,50,20,7.6,IT,1697296388
172,romanovo,52.6182,81.2271,8.32,50,100,6.49,RU,1697296388
173,al hillah,32.4801,44.4353,32.63,18,3,4.17,IQ,1697296388
174,mangaratiba,-22.9597,-44.0406,20.01,93,100,3.32,BR,1697296157
175,cova figueira,14.8905,-24.2934,26.29,75,100,4.93,CV,1697296388
176,ketchikan,55.3422,-131.6461,12.26,94,100,5.66,US,1697296389
177,guiyang,26.5833,106.7167,14.89,86,65,1.6,CN,1697296389
178,panaba,21.2833,-88.2667,32.64,58,62,4.02,MX,1697296389
179,tevriz,57.509,72.4042,5.59,82,91,3.41,RU,1697296389
180,tarauaca,-8.1614,-70.7656,25.22,84,100,1.71,BR,1697296389
181,mahina,-17.5065,-149.489,22.87,78,20,1.54,PF,1697296389
182,bamboo flat,11.7,92.7167,27.43,80,97,1.77,IN,1697296389
183,princeville,45.7668,-61.2985,12.73,96,100,8.23,CA,1697296390
184,port elizabeth,-33.918,25.5701,17.95,65,96,2.24,ZA,1697296238
185,merizo village,13.2658,144.6691,24.31,96,100,9.51,GU,1697296390
186,kolokani,13.5728,-8.0339,37.76,20,47,3.31,ML,1697296390
187,jiazi,22.8779,116.067,24.18,83,62,2.64,CN,1697296390
188,ippy,6.2679,21.2247,27.23,88,97,1.25,CF,1697296390
189,ain touta,35.3768,5.9,24.96,22,0,4.16,DZ,1697296390
190,outjo,-20.1167,16.15,31.82,12,65,10.67,NA,1697296390
191,robertsport,6.7533,-11.3686,24.96,91,100,3.83,LR,1697296391
192,saint-pierre,-21.3393,55.4781,23.82,73,100,4.12,RE,1697296391
193,broken hill,-31.95,141.4333,16.07,46,0,5.37,AU,1697296391
194,nahiyat ash shinafiyah,31.5874,44.6602,34.31,18,6,2.51,IQ,1697296391
195,salalah,17.0151,54.0924,28.05,83,75,2.57,OM,1697296391
196,tyrnava,64.7647,25.6523,7.27,93,81,3.87,FI,1697296391
197,buenavista del norte,28.3746,-16.861,35.25,52,79,0.93,ES,1697296391
198,hithadhoo,-0.6,73.0833,27.65,75,11,3.27,MV,1697296392
199,porto barra do ivinheima,-22.9667,-53.6667,29.98,46,24,2.35,BR,1697296392
200,queenstown,-31.8976,26.8753,15.06,49,35,6.22,ZA,1697296392
201,tralee,52.2704,-9.7026,11.14,66,20,3.09,IE,1697296392
202,longyearbyen,78.2186,15.6401,0.91,60,75,5.14,SJ,1697296392
203,sassandra,4.95,-6.0833,28.11,74,39,3.54,CI,1697296392
204,lambarene,-0.7001,10.2406,30.01,79,100,1.17,GA,1697296392
205,las tablas,7.7667,-80.2833,29.49,71,97,1.09,PA,1697296392
206,qaqortoq,60.7167,-46.0333,6.77,45,93,1.63,GL,1697296393
207,carutapera,-1.195,-46.02,31.58,57,52,4.64,BR,1697296393
208,port sudan,19.6175,37.2164,30.38,62,0,5.43,SD,1697296393
209,atar,20.5169,-13.0499,39.77,9,54,4.15,MR,1697296393
210,araguaina,-7.1911,-48.2072,39.35,22,6,2.82,BR,1697296266
211,galveston,29.3669,-94.9669,22.23,53,0,10.29,US,1697296393
212,chonchi,-42.6128,-73.8092,10.56,71,100,2.0,CL,1697296393
213,neiafu,-18.65,-173.9833,22.38,94,20,0.0,TO,1697296393
214,buta,2.7858,24.73,27.45,70,91,2.02,CD,1697296394
215,santo antonio,-6.3106,-35.4789,33.61,36,64,7.24,BR,1697296394
216,ratnagiri,16.9833,73.3,26.3,78,53,1.33,IN,1697296394
217,key west,24.5557,-81.7826,32.0,77,20,5.66,US,1697296234
218,bati,11.1833,40.0167,23.52,43,97,1.72,ET,1697296394
219,kalispell,48.1958,-114.3129,8.15,95,0,1.54,US,1697296394
220,tadine,-21.55,167.8833,21.0,92,60,4.11,NC,1697296394
221,utrik,11.2278,169.8474,27.99,75,100,3.72,MH,1697296394
222,atascadero,35.4894,-120.6707,13.47,69,2,1.15,US,1697296394
223,berezovo,63.9381,65.0419,3.31,98,91,4.02,RU,1697296395
224,arica,-18.475,-70.3042,22.75,72,81,2.79,CL,1697296395
225,mil'kovo,55.6078,37.7956,14.27,78,100,7.32,RU,1697296395
226,trincomalee,8.5711,81.2335,26.98,78,65,1.41,LK,1697296395
227,chagoda,59.164,35.3285,13.01,92,100,6.4,RU,1697296130
228,milford haven,51.7128,-5.0341,12.81,70,1,7.57,GB,1697296362
229,palmer,42.1584,-72.3287,13.76,81,100,1.43,US,1697296219
230,tongliao,43.6125,122.2653,12.52,36,4,4.36,CN,1697296396
231,tromso,69.6496,18.957,2.01,64,0,2.57,NO,1697296396
232,la ronge,55.1001,-105.2842,8.14,76,75,4.63,CA,1697296396
233,inari,68.906,27.0288,-0.89,84,100,6.17,FI,1697296396
234,an nuhud,12.7,28.4333,37.37,16,22,3.77,SD,1697296396
235,bhawanipatna,19.9,83.1667,24.48,67,0,1.41,IN,1697296396
236,qamdo,31.1667,97.2333,1.94,49,97,1.87,CN,1697296396
237,barentu,15.1139,37.5928,31.9,29,54,3.15,ER,1697296396
238,praia,14.9215,-23.5087,30.3,74,40,4.63,CV,1697296344
239,whakatane,-37.9585,176.9854,16.4,89,99,2.24,NZ,1697296397
240,velingara,13.15,-14.1167,34.3,48,57,2.72,SN,1697296397
241,denov,38.2667,67.9,16.64,34,0,2.1,UZ,1697296397
242,touros,-5.1989,-35.4608,29.89,59,10,7.74,BR,1697296397
243,alice,27.7523,-98.0697,23.09,38,100,8.23,US,1697296397
244,gbadolite,4.2833,21.0167,28.46,81,100,1.57,CD,1697296398
245,puerto carreno,6.189,-67.4859,31.06,60,92,0.95,CO,1697296380
246,porto novo,6.4965,2.6036,30.01,67,84,3.42,BJ,1697296398
247,praya,14.9215,-23.5087,30.3,74,40,4.63,CV,1697296398
248,kirando,-7.4167,30.6,28.86,60,100,3.52,TZ,1697296398
249,salinas de hidalgo,22.6333,-101.7167,18.66,62,83,8.4,MX,1697296178
250,laurel bay,32.4502,-80.7848,22.72,84,100,5.66,US,1697296398
251,xianyang,34.3378,108.7026,18.78,43,0,1.67,CN,1697296399
252,eastham,41.8301,-69.9739,16.08,72,100,2.68,US,1697296399
253,yurimaguas,-5.9,-76.0833,26.09,83,75,1.54,PE,1697296399
254,northam,51.0333,-4.2167,13.12,68,64,7.6,GB,1697296399
255,lata,40.1629,-8.3327,26.07,47,66,3.8,PT,1697296399
256,nouadhibou,20.931,-17.0347,33.99,40,33,4.12,MR,1697296399
257,kirensk,57.7853,108.1119,1.68,99,99,2.24,RU,1697296399
258,goure,13.9835,10.2704,37.27,13,14,6.79,NE,1697296399
259,masterton,-40.9597,175.6575,12.16,68,18,5.46,NZ,1697296400
260,fort mcmurray,56.7268,-111.381,3.77,87,0,5.66,CA,1697296400
261,bei'an,24.5399,109.533,18.84,76,54,1.83,CN,1697296400
262,tazacorte,28.629,-17.9293,31.54,27,0,2.57,ES,1697296400
263,chui,-33.6971,-53.4616,18.13,43,31,2.92,UY,1697296400
264,newman,37.3138,-121.0208,15.69,44,57,2.05,US,1697296400
265,thunder bay,48.4001,-89.3168,8.99,76,100,5.14,CA,1697296400
266,vila franca do campo,37.7167,-25.4333,22.71,99,57,5.53,PT,1697296400
267,akureyri,65.6835,-18.0878,-3.04,63,40,2.06,IS,1697296400
268,gotha,50.9482,10.7019,15.07,60,20,4.12,DE,1697296401
269,vondrozo,-22.8167,47.2833,23.56,76,44,2.46,MG,1697296401
270,caiaponia,-16.9567,-51.8103,34.09,34,59,3.57,BR,1697296401
271,seven pagodas,12.6264,80.1722,29.03,77,74,4.1,IN,1697296401
272,tacna,-18.0056,-70.2483,19.11,60,0,3.09,PE,1697296401
273,selfoss,63.9331,-20.9971,0.58,86,83,1.08,IS,1697296401
274,springbok,-29.6643,17.8865,22.48,27,92,5.75,ZA,1697296402
275,westport,41.1415,-73.3579,13.03,85,100,1.54,US,1697296111
276,khargone,21.8167,75.6,28.71,39,10,1.2,IN,1697296402
277,baniyas,35.1819,35.9487,26.16,71,0,4.34,SY,1697296402
278,walluf,50.05,8.15,17.55,53,100,4.47,DE,1697296402
279,al qusiyah,27.4402,30.8184,29.3,25,0,4.25,EG,1697296402
280,castillos,-34.1667,-53.8333,18.12,42,14,2.62,UY,1697296402
281,burela de cabo,43.65,-7.4,18.43,84,100,4.86,ES,1697296182
282,richards bay,-28.783,32.0377,20.33,63,8,8.13,ZA,1697296403
283,aioun,16.6614,-9.6149,40.18,8,20,7.86,MR,1697296403
284,portales,34.1862,-103.3344,10.05,54,99,2.94,US,1697296403
285,tabas,33.5959,56.9244,26.31,27,2,3.12,IR,1697296276
286,guarapari,-20.6667,-40.4975,24.38,94,100,4.66,BR,1697296403
287,ribeira brava,32.65,-17.0667,30.07,35,100,1.75,PT,1697296403
288,pingliang,35.5392,106.6861,11.69,51,4,1.12,CN,1697296403
289,puttalam,8.0362,79.8283,26.57,83,100,3.91,LK,1697296404
290,island harbour,50.724,-1.2758,14.53,64,35,1.79,GB,1697296404
291,itoman,26.1247,127.6694,25.01,73,97,5.14,JP,1697296404
292,usogorsk,63.4106,48.6872,2.59,96,99,2.05,RU,1697296404
293,kuzovatovo,53.5468,47.6866,8.48,59,70,4.22,RU,1697296404
294,sinabang,2.4803,96.3801,25.48,86,100,1.69,ID,1697296404
295,mormugao,15.4,73.8,27.26,83,8,1.36,IN,1697296404
296,nova vicosa,-17.8919,-39.3719,28.77,62,48,5.21,BR,1697296405
297,ginir,7.1333,40.7,18.77,67,73,1.62,ET,1697296405
298,verkhnevilyuysk,63.4453,120.3167,-7.33,90,7,2.09,RU,1697296405
299,mae sot,16.7167,98.5667,23.46,98,91,0.64,TH,1697296405
300,geraldton,-28.7667,114.6,18.23,72,0,1.54,AU,1697296405
301,ternate,0.8,127.4,27.08,83,100,1.98,ID,1697296405
302,moth,25.7167,78.95,30.56,30,8,1.89,IN,1697296405
303,oliver,49.1831,-119.5524,10.95,87,96,0.0,CA,1697296405
304,yelizovo,53.1873,158.3805,5.06,100,100,4.02,RU,1697296406
305,howrah,22.5892,88.3103,29.0,79,20,0.0,IN,1697296406
306,luninyets,52.2472,26.8047,22.26,46,6,7.98,BY,1697296406
307,proletariy,58.4342,31.7046,13.4,81,100,7.51,RU,1697296406
308,sombor,45.7742,19.1122,25.95,38,8,3.97,RS,1697296406
309,gamba,-2.65,10.0,25.49,86,100,3.36,GA,1697296406
310,ciudad lazaro cardenas,17.9583,-102.2,27.52,80,22,1.67,MX,1697296406
311,bucerias,20.75,-105.3333,28.88,83,0,2.06,MX,1697296407
312,o carballino,42.4316,-8.079,20.97,59,63,1.73,ES,1697296407
313,petropavlovsk-kamchatsky,53.0452,158.6483,4.32,73,100,6.71,RU,1697296407
314,yuzhno-kurilsk,44.0306,145.8556,14.1,69,100,2.07,RU,1697296407
315,fort bragg,35.139,-79.006,20.75,96,100,1.54,US,1697296407
316,mount isa,-20.7333,139.5,21.87,17,16,4.63,AU,1697296407
317,aykhal,66.0,111.5,-7.74,73,6,1.34,RU,1697296408
318,tambura,5.6,27.4667,29.84,61,76,2.25,SS,1697296408
319,big bend,-26.8167,31.9333,24.38,46,27,6.72,SZ,1697296137
320,warman,52.3168,-106.5679,5.5,75,10,4.32,CA,1697296289
321,el bolson,-41.9667,-71.5167,11.17,62,39,2.21,AR,1697296408
322,howard springs,-12.497,131.047,27.95,66,61,0.93,AU,1697296409
323,the dalles,45.5946,-121.1787,13.57,91,100,1.54,US,1697296409
324,ipilan,8.8431,117.9033,27.04,85,98,3.22,PH,1697296409
325,cabo san lucas,22.8909,-109.9124,27.64,70,20,4.63,MX,1697296188
326,nuriootpa,-34.4833,139.0,12.12,89,100,3.71,AU,1697296409
327,alofi,-19.0595,-169.9187,23.81,81,22,6.73,NU,1697296409
328,junin de los andes,-39.9504,-71.0694,13.19,37,85,1.8,AR,1697296409
329,tarawa,1.419,172.984,27.05,89,75,1.03,KI,1697296409
330,cacheu,12.2706,-16.1658,32.05,50,64,2.42,GW,1697296410
331,krasnyy yar,46.5331,48.3456,18.86,58,45,2.82,RU,1697296410
332,forster,-32.1667,152.5167,16.15,53,0,3.19,AU,1697296410
333,coron,11.9986,120.2043,26.53,85,98,1.43,PH,1697296410
334,ornskoldsvik,63.2909,18.7153,7.53,76,40,3.09,SE,1697296410
335,mundri,-6.9558,111.71,27.18,73,38,2.08,ID,1697296410
336,nagqu,31.5,92.0,-0.48,46,97,1.14,CN,1697296410
337,timbuktu,16.7735,-3.0074,39.29,9,1,3.87,ML,1697296411
338,punta arenas,-53.15,-70.9167,11.06,50,75,10.8,CL,1697296253
339,taikang,46.8333,124.4167,12.7,32,46,8.63,CN,1697296411
340,kavaratti,10.5669,72.642,27.48,78,100,5.26,IN,1697296411
341,bandar-e lengeh,26.5579,54.8807,30.95,60,0,2.43,IR,1697296411
342,emerald,-23.5333,148.1667,19.63,27,0,3.76,AU,1697296411
343,gambiran satu,-8.3939,114.1464,22.53,84,75,0.91,ID,1697296411
344,comodoro rivadavia,-45.8667,-67.5,14.66,46,7,3.4,AR,1697296412
345,la reforma,25.0833,-108.05,26.8,73,0,1.39,MX,1697296412
346,buurhakaba,2.8026,44.0781,33.15,40,36,6.87,SO,1697296412
347,ribadesella,43.4614,-5.0596,17.75,84,99,3.57,ES,1697296412
348,sao paulo de olivenca,-3.3783,-68.8725,34.38,43,36,1.31,BR,1697296412
349,darovskoy,58.77,47.9564,6.02,85,100,3.94,RU,1697296412
350,pontian kechil,1.4866,103.3896,28.89,84,46,2.99,MY,1697296412
351,arraial do cabo,-22.9661,-42.0278,21.92,83,75,6.17,BR,1697296413
352,bel ombre,-4.6167,55.4167,26.91,83,40,2.06,SC,1697296413
353,olinda,-8.0089,-34.8553,29.85,58,40,5.14,BR,1697296215
354,holualoa,19.6228,-155.9522,24.93,80,0,3.09,US,1697296334
355,nogliki,51.8333,143.1667,7.97,77,95,5.36,RU,1697296413
356,tangalle,6.024,80.7911,26.09,88,84,2.88,LK,1697296413
357,isfara,40.1265,70.6253,9.55,40,11,1.62,TJ,1697296413
358,sinjar,36.3209,41.8754,26.57,20,0,0.79,IQ,1697296414
359,borzya,50.3833,116.5167,3.92,35,0,7.37,RU,1697296414
360,ndele,8.4109,20.6473,28.8,74,93,1.38,CF,1697296414
361,plettenberg bay,-34.0527,23.3716,16.96,76,65,8.57,ZA,1697296414
362,kailua-kona,19.6406,-155.9956,27.0,84,0,3.09,US,1697296363
363,praia da vitoria,38.7333,-27.0667,23.14,73,20,4.54,PT,1697296414
364,beloyarskiy,63.7119,66.6722,5.56,87,97,2.24,RU,1697296414
365,loango,-4.6719,11.8312,28.81,74,20,6.17,CG,1697296415
366,nuku'alofa,-21.1333,-175.2,22.19,83,75,2.57,TO,1697296316
367,whiteville,34.3388,-78.7031,24.08,89,84,3.6,US,1697296415
368,sao vicente,-23.9631,-46.3919,21.26,62,100,1.34,BR,1697296415
369,hadibu,12.65,54.0333,27.56,76,52,2.97,YE,1697296415
370,faya-largeau,17.9257,19.1043,37.54,11,0,7.18,TD,1697296415
371,moussoro,13.6408,16.4901,39.62,11,5,5.54,TD,1697296415
372,kotlas,61.2611,46.6556,5.59,66,100,3.13,RU,1697296415
373,kruisfontein,-34.0033,24.7314,15.9,68,88,6.33,ZA,1697296416
374,fale old settlement,-9.3852,-171.2468,28.64,71,72,9.07,TK,1697296416
375,bossangoa,6.4926,17.4552,27.21,81,99,1.34,CF,1697296416
376,san luis de la loma,17.2706,-100.8939,28.47,79,61,0.71,MX,1697296416
377,waingapu,-9.6567,120.2641,26.54,81,6,3.75,ID,1697296416
378,san jeronimo de juarez,17.1333,-100.4667,28.49,78,57,0.33,MX,1697296416
379,tahlequah,35.9154,-94.97,12.12,66,67,4.12,US,1697296417
380,grenaa,56.4158,10.8783,11.12,79,50,15.51,DK,1697296417
381,chuguyevka,44.1653,133.8633,10.29,69,99,1.42,RU,1697296417
382,portoferraio,42.8115,10.3146,26.49,69,40,2.06,IT,1697296418
383,kalevala,65.2,31.1667,1.72,96,100,8.05,RU,1697296419
384,tyazhinskiy,56.116,88.524,8.96,64,99,6.36,RU,1697296419
385,nadym,65.5333,72.5167,3.54,91,100,3.18,RU,1697296419
386,brownwood,31.7093,-98.9912,15.62,44,0,5.66,US,1697296421
387,kinkala,-4.3614,14.7644,22.44,94,100,0.62,CG,1697296422
388,siwa oasis,29.2041,25.5195,27.9,27,0,5.32,EG,1697296422
389,paidha,2.4167,30.9855,23.26,73,78,0.74,UG,1697296422
390,rabaul,-4.1967,152.1721,26.16,83,61,2.7,PG,1697296423
391,eagle mountain,40.3141,-112.0069,11.43,70,100,1.43,US,1697296400
392,eyl,7.9803,49.8164,28.09,73,0,4.82,SO,1697296423
393,leninskiy,54.2781,37.4558,12.4,66,84,7.77,RU,1697296423
394,ar rutbah,33.0381,40.2848,27.94,24,0,4.97,IQ,1697296424
395,hammerfest,70.6634,23.6821,-1.75,86,82,2.06,NO,1697296424
396,mbekenyera,-10.0,38.9833,29.62,55,41,5.07,TZ,1697296424
397,ocean city,39.2776,-74.5746,17.01,75,73,2.24,US,1697296181
398,east ballina,-28.8667,153.5833,17.27,91,8,3.06,AU,1697296424
399,karatas,36.582,35.3701,28.36,62,1,2.87,TR,1697296424
400,rongelap,11.1635,166.8941,28.03,77,100,2.61,MH,1697296425
401,sovetskaya gavan',48.9723,140.2878,10.61,82,32,2.06,RU,1697296425
402,haiku-pauwela,20.9219,-156.3051,23.91,84,100,2.06,US,1697296425
403,sisimiut,66.9395,-53.6735,0.33,87,100,6.55,GL,1697296425
404,raton,36.9034,-104.4391,2.34,70,0,0.0,US,1697296425
405,mitsamiouli,-11.3847,43.2844,26.65,83,26,5.85,KM,1697296425
406,fecamp,49.7579,0.3746,13.49,64,74,6.61,FR,1697296425
407,minas de marcona,-15.2119,-75.1103,19.49,59,43,5.03,PE,1697296425
408,la'ie,21.6477,-157.9253,23.98,86,3,2.43,US,1697296426
409,salumbar,24.1333,74.05,27.77,41,0,1.08,IN,1697296426
410,mora,11.0461,14.1401,38.4,15,8,1.33,CM,1697296427
411,tura,25.5198,90.2201,21.16,86,0,1.11,IN,1697296427
412,gongchangling,41.1167,123.45,10.22,88,0,1.75,CN,1697296427
413,flying fish cove,-10.4217,105.6791,24.82,94,100,3.6,CX,1697296428
414,happy valley-goose bay,53.3168,-60.3315,7.17,93,100,9.77,CA,1697296428
415,belyy yar,53.6039,91.3903,-1.06,100,89,1.0,RU,1697296428
416,valparaiso,-33.0393,-71.6273,17.22,64,75,5.14,CL,1697296428
417,puerto baquerizo moreno,-0.9,-89.6,24.29,82,89,5.95,EC,1697296428
418,cascais,38.6979,-9.4215,25.84,68,20,4.63,PT,1697296266
419,rengasdengklok,-6.1592,107.2981,29.07,71,100,1.67,ID,1697296428
420,viedma,-40.8135,-62.9967,22.47,24,76,6.6,AR,1697296428
421,brady,31.1352,-99.3351,16.87,41,0,6.69,US,1697296429
422,nar'yan-mar,67.6713,53.087,-2.16,93,78,1.79,RU,1697296429
423,birjand,32.8663,59.2211,20.26,26,40,2.06,IR,1697296429
424,nowy dwor mazowiecki,52.4302,20.7165,18.47,85,40,5.66,PL,1697296429
425,tari,12.4086,4.4914,38.17,17,47,3.56,NG,1697296429
426,puri,19.8,85.85,28.29,73,31,3.99,IN,1697296429
427,san lawrenz,36.0553,14.204,25.67,73,0,5.36,MT,1697296429
428,trinity beach,-16.7888,145.6968,21.12,88,42,2.06,AU,1697296430
429,traverse city,44.7631,-85.6206,13.11,74,40,6.17,US,1697296378
430,shelton,41.3165,-73.0932,14.45,82,100,1.54,US,1697296430
431,qianjiang,30.4151,112.8859,19.71,55,0,0.75,CN,1697296430
432,tenenkou,14.4572,-4.9169,40.34,14,79,3.15,ML,1697296430
433,onega,63.9061,38.1404,3.75,82,100,6.71,RU,1697296430
434,leua,48.2156,18.6071,23.61,56,15,1.69,SK,1697296430
435,sehwan,26.4279,67.863,32.9,42,0,4.8,PK,1697296431
436,dolores,-36.3132,-57.6792,20.79,34,65,4.15,AR,1697296431
437,luanco,43.6152,-5.7934,17.79,86,100,3.58,ES,1697296431
438,vila velha,-20.3297,-40.2925,24.97,85,75,6.17,BR,1697296431
439,egilsstadir,65.2653,-14.3948,-1.05,59,40,3.6,IS,1697296431
440,tual,-5.6667,132.75,27.1,86,96,8.31,ID,1697296431
441,nabire,-3.3667,135.4833,24.7,91,100,1.19,ID,1697296431
442,yur'yevets,57.3201,43.1041,8.17,89,100,8.68,RU,1697296431
443,tsengel,49.4783,100.8894,5.81,69,0,1.48,MN,1697296431
444,inirida,3.8653,-67.9239,33.94,50,63,0.76,CO,1697296432
445,flores,16.9226,-89.8994,29.89,72,81,0.58,GT,1697296432
446,xiaoweizhai,26.1903,107.5125,14.42,91,2,1.3,CN,1697296432
447,saint-joseph,-21.3667,55.6167,23.21,78,63,4.65,RE,1697296432
448,sao jose da coroa grande,-8.8978,-35.1478,27.46,68,97,5.51,BR,1697296432
449,emmett,43.8735,-116.4993,14.0,61,100,1.79,US,1697296433
450,serravalle scrivia,44.7228,8.8564,22.87,75,75,2.24,IT,1697296433
451,brindisi,40.5833,17.6667,26.36,42,34,2.12,IT,1697296185
452,yankton,42.8711,-97.3973,8.95,93,100,5.66,US,1697296433
453,zahedan,29.4963,60.8629,23.95,27,40,2.06,IR,1697296433
454,nago,26.5881,127.9761,24.14,73,66,4.0,JP,1697296433
455,bang lamung,13.047,100.9289,29.06,60,97,1.68,TH,1697296433
456,kenai,60.5544,-151.2583,3.97,98,100,1.54,US,1697296434
457,kirakira,-10.4544,161.9205,25.98,87,11,2.82,SB,1697296434
458,pisco,-13.7,-76.2167,20.57,83,0,4.12,PE,1697296434
459,al fqih ben calah,32.5009,-6.6906,28.4,25,100,1.38,MA,1697296434
460,santa terezinha,-29.9002,-50.0904,18.06,70,7,5.61,BR,1697296434
461,dudinka,69.4058,86.1778,1.49,93,100,6.71,RU,1697296434
462,uturoa,-16.7333,-151.4333,25.88,73,10,6.04,PF,1697296434
463,juegang,32.3174,121.1855,18.84,72,32,3.19,CN,1697296435
464,fauske,67.2588,15.3918,6.08,73,100,1.65,NO,1697296435
465,kapuskasing,49.4169,-82.4331,6.05,93,100,4.12,CA,1697296435
466,hobyo,5.3505,48.5268,28.34,76,8,4.44,SO,1697296435
467,lingyuan,41.24,119.4011,11.48,40,0,2.12,CN,1697296435
468,tuy hoa,13.0833,109.3,25.59,90,96,1.8,VN,1697296435
469,mohr,54.3528,9.7167,12.05,66,24,12.86,DE,1697296435
470,umea,63.8284,20.2597,7.17,81,20,4.12,SE,1697296436
471,sokoni,-6.4333,39.55,27.34,78,3,4.74,TZ,1697296436
472,lompoc,34.6391,-120.4579,17.66,100,75,0.0,US,1697296436
473,laguna,38.421,-121.4238,18.16,70,75,2.06,US,1697296436
474,khor,47.8861,134.9464,9.79,72,0,2.85,RU,1697296436
475,olovyannaya,50.95,115.5667,4.1,34,0,8.07,RU,1697296436
476,morococha,-11.5997,-76.1411,5.47,71,98,2.45,PE,1697296436
477,alta,69.9689,23.2717,-1.41,80,75,3.6,NO,1697296437
478,kununurra,-15.7667,128.7333,21.99,73,51,1.54,AU,1697296437
479,stawell,-37.05,142.7667,6.13,94,63,1.53,AU,1697296437
480,gizo,-8.103,156.8419,27.09,81,71,1.67,SB,1697296437
481,sandnessjoen,66.0217,12.6316,6.06,65,75,5.66,NO,1697296437
482,dawesville,30.9224,-84.0091,21.49,90,100,2.68,US,1697296437
483,crucecita,-28.95,-58.9833,23.65,36,0,3.41,AR,1697296437
484,fortuna,40.5982,-124.1573,12.19,93,0,4.12,US,1697296277
485,cill airne,52.05,-9.5167,11.03,66,20,3.09,IE,1697296438
486,kantunilkin,21.0917,-87.45,32.03,57,100,2.4,MX,1697296438
487,safford,32.834,-109.7076,21.73,39,0,1.54,US,1697296172
488,georgetown,5.4112,100.3354,27.96,83,40,2.06,MY,1697296273
489,myingyan,21.4667,95.3833,26.26,77,0,1.49,MM,1697296438
490,alo,7.4178,6.7371,30.46,72,81,1.52,NG,1697296438
491,naberera,-4.2,36.9333,28.31,31,45,5.73,TZ,1697296438
492,lazaro cardenas,17.9583,-102.2,27.52,80,22,1.67,MX,1697296338
493,dryden,49.7833,-92.7503,5.16,87,100,2.57,CA,1697296439
494,kuta,-8.7233,115.1723,26.97,88,20,3.6,ID,1697296439
495,madaoua,14.073,5.96,38.21,13,100,5.53,NE,1697296439
496,ebaye,8.7748,167.7392,27.01,83,75,2.06,MH,1697296439
497,ambon,-3.6954,128.1814,28.26,95,40,1.03,ID,1697296439
498,santa rosa,14.3122,121.1114,28.99,78,80,3.04,PH,1697296406
499,lindsay,36.203,-119.0882,14.3,58,0,1.54,US,1697296439
500,anna regina,7.2644,-58.5077,31.11,64,99,4.11,GY,1697296439
501,korsakov,46.6328,142.7813,9.65,85,2,4.02,RU,1697296439
502,khandyga,62.6667,135.6,-10.71,98,100,0.55,RU,1697296440
503,nueva gerona,21.8833,-82.8,29.54,70,99,1.6,CU,1697296358
504,mirai,-21.1953,-42.6142,22.27,89,100,1.95,BR,1697296440
505,firozabad,27.15,78.4167,29.98,29,6,0.65,IN,1697296440
506,buka,40.8108,69.1986,11.6,38,5,2.73,UZ,1697296440
507,acarau,-2.8856,-40.12,31.62,54,22,8.71,BR,1697296440
508,kismayo,-0.3582,42.5454,26.92,82,23,6.35,SO,1697296381
509,dhuusamarreeb,5.535,46.3861,33.4,39,18,4.03,SO,1697296441
510,saint-denis,48.9167,2.3333,16.31,75,100,4.63,FR,1697296441
511,benjamin aceval,-24.9667,-57.5667,28.08,33,65,1.33,PY,1697296441
512,menongue,-14.6585,17.691,33.76,16,88,1.25,AO,1697296441
513,bathsheba,13.2167,-59.5167,31.34,70,20,4.12,BB,1697296441
514,togur,58.3631,82.8265,5.08,80,100,6.26,RU,1697296441
515,kamensk-ural'skiy,56.4185,61.9329,4.4,73,30,5.0,RU,1697296441
516,wotho,10.1657,166.0102,27.88,76,100,3.88,MH,1697296442
517,beira,-19.8436,34.8389,27.05,83,40,7.2,MZ,1697296442
518,kagizman,40.1567,43.1342,16.15,42,12,2.05,TR,1697296442
519,bogale,16.2833,95.4,24.84,93,34,2.69,MM,1697296442
520,goz beida,13.95,20.55,38.27,14,4,3.89,TD,1697296442
521,zuunmod,47.7069,106.9528,-2.43,60,0,1.14,MN,1697296442
522,karratha,-20.7377,116.8463,29.36,37,0,1.4,AU,1697296443
523,yeed,4.55,43.0333,32.95,41,78,3.24,SO,1697296443
524,garden city,42.3256,-83.331,9.92,94,100,8.23,US,1697296430
525,'ain el melh,34.8415,4.1638,25.57,14,0,2.22,DZ,1697296443
526,pacific grove,36.6177,-121.9166,12.79,92,75,0.0,US,1697296180
527,kievka,50.2619,71.5514,9.04,45,100,7.09,KZ,1697296443
528,bol'shoy kamen',43.1225,132.3583,14.87,73,100,1.61,RU,1697296443
529,port saint john's,-31.6229,29.5448,18.98,66,15,8.37,ZA,1697296444
530,ha'il,27.5219,41.6907,33.01,12,0,3.09,SA,1697296444
531,chaman,30.9236,66.4512,18.87,19,5,0.24,PK,1697296444
532,vuktyl,63.8567,57.3094,2.84,97,100,4.47,RU,1697296444
533,oum hadjer,13.2954,19.6966,39.2,14,11,4.02,TD,1697296444
534,malango,-2.9627,119.9001,19.81,97,89,0.69,ID,1697296444
535,kerikeri,-35.2268,173.9474,16.06,91,94,1.34,NZ,1697296444
536,castellanza,45.6124,8.9011,24.83,62,20,1.54,IT,1697296445
537,captainganj,26.9267,83.7153,24.35,62,0,1.59,IN,1697296445
538,laojunmiao,39.8333,97.7333,9.42,23,0,3.89,CN,1697296445
539,isla mujeres,21.2311,-86.731,31.03,72,97,4.58,MX,1697296361
540,mejit,10.2753,170.8646,27.33,77,98,4.0,MH,1697296445
541,champerico,14.3,-91.9167,30.3,80,12,3.33,GT,1697296445
542,parnu,58.3859,24.4971,11.05,82,40,8.23,EE,1697296445
543,arkhangel'sk,64.5401,40.5433,1.18,95,100,6.3,RU,1697296445
544,lepsy,46.235,78.9456,9.68,33,93,6.14,KZ,1697296446
545,segezha,63.7415,34.3222,6.08,93,100,8.49,RU,1697296446
546,portage la prairie,49.9728,-98.2926,8.27,58,100,1.55,CA,1697296227
547,callao,-12.0667,-77.15,21.16,73,40,3.09,PE,1697296446
548,new norfolk,-42.7826,147.0587,7.06,76,11,2.87,AU,1697296446
549,port douglas,-16.4833,145.4667,22.34,79,41,3.03,AU,1697296446
550,luanda,-8.8368,13.2343,26.0,83,75,2.57,AO,1697296446
551,sumbawa besar,-8.5,117.4333,24.07,74,68,1.87,ID,1697296446
552,araucaria,-25.5931,-49.4103,15.8,96,100,2.43,BR,1697296290
553,zyryanskoye,56.8306,86.6258,8.25,55,100,7.68,RU,1697296447
554,nikolayevsk-on-amure,53.1406,140.73,3.88,85,98,2.01,RU,1697296447
555,zheleznogorsk-ilimskiy,56.5768,104.1217,1.87,96,99,7.15,RU,1697296447
556,antofagasta,-23.65,-70.4,21.05,59,2,4.17,CL,1697296177
557,benguela,-12.5763,13.4055,24.37,74,92,4.3,AO,1697296447
558,san jose del guaviare,2.5729,-72.6459,27.72,75,100,1.01,CO,1697296447
559,puerto real,36.5282,-6.1901,27.07,78,20,4.63,ES,1697296447
560,khorixas,-20.3667,14.9667,29.4,11,79,6.14,NA,1697296447
561,plosca,44.0333,25.1333,25.26,29,31,1.86,RO,1697296448
562,jaru,-10.4389,-62.4664,40.85,27,4,1.09,BR,1697296448
563,mitu,1.1983,-70.1733,32.39,54,100,0.83,CO,1697296448
564,uglegorsk,49.0833,142.0333,10.33,86,5,3.0,RU,1697296448
565,plastun,44.7561,136.2939,12.27,66,100,2.68,RU,1697296448
566,aasiaat,68.7098,-52.8699,-1.28,62,85,10.59,GL,1697296448
567,tindouf,27.6711,-8.1474,35.25,13,0,1.54,DZ,1697296448
568,chernyshevskiy,63.0128,112.4714,-3.4,98,98,0.3,RU,1697296448
569,ardestan,33.3761,52.3694,21.71,34,46,1.84,IR,1697296449
570,manaure,11.7751,-72.4445,31.56,63,89,2.24,CO,1697296449
571,arish,31.1316,33.7984,24.69,62,14,5.18,EG,1697296449
572,sao tome,0.3365,6.7273,26.82,82,71,2.49,ST,1697296449
573,itacare,-14.2775,-38.9967,28.07,65,20,3.77,BR,1697296449
574,jamaame,0.0697,42.745,27.0,78,9,5.69,SO,1697296449
575,sao mateus do sul,-25.8742,-50.3828,14.06,93,100,1.55,BR,1697296196
576,brisas de zicatela,15.8369,-97.0419,28.29,65,75,1.54,MX,1697296449
577,santiago,-33.4569,-70.6483,24.05,41,0,2.57,CL,1697296203
578,okhotsk,59.3833,143.3,2.29,76,100,3.21,RU,1697296426
579,depalpur,22.85,75.55,26.22,41,72,2.56,IN,1697296450
580,qandala,11.472,49.8728,28.85,76,7,2.62,SO,1697296450
581,masjed soleyman,31.9364,49.3039,33.32,16,1,2.6,IR,1697296450
582,porbandar,21.6422,69.6093,27.87,62,0,5.05,IN,1697296450
583,gantang,26.92,119.6333,20.45,94,99,0.75,CN,1697296450
584,hastings,50.8552,0.5729,14.05,26,25,6.28,GB,1697296450
585,piacabucu,-10.4056,-36.4344,28.17,66,86,6.41,BR,1697296451
586,masuguru,-11.3667,38.4167,37.2,26,1,3.21,TZ,1697296451
587,martapura,-3.4167,114.85,27.05,100,100,1.54,ID,1697296451
588,aleksandrovsk,59.158,57.5624,5.12,99,91,1.79,RU,1697296451
589,dul'durga,50.6761,113.5931,1.43,57,12,4.56,RU,1697296451
590,zafarabad,25.7,82.7333,27.01,47,0,1.09,IN,1697296451
591,fisterra,42.9049,-9.2629,22.64,75,71,7.33,ES,1697296451
592,caleta de carquin,-11.0925,-77.6267,20.91,77,58,3.46,PE,1697296452
593,melekeok village,7.4957,134.6367,26.31,100,75,1.54,PW,1697296452
